id,created_at,original_text,clean_text,retweet_count,hashtags,mentions,original_author
1182642245448679424,2019-10-11 13:00:58+00:00,"Great news for Portland! The city, @PrebleStreet, &amp; the Jewish Community Alliance will receive a total of $892,586 in reimbursement for caring for the influx of asylum seekers this summer. As a senior member of the Appropriations Committee, I worked for this funding. (1/2)","great news Portland city @PrebleStreet jewish Community Alliance receive total 892,586 reimbursement care influx asylum seeker summer senior member Appropriations Committee work funding",20,<UNK>,@PrebleStreet,SenatorCollins
1181981755697504256,2019-10-09 17:16:25+00:00,"Today, we are seeing the consequences of that terrible decision. If the reports of Turkish strikes in Syria are accurate, I fear our allies the Kurds could be slaughtered. (2/2)",today see consequence terrible decision report turkish strike Syria accurate fear ally Kurds slaughter,144,<UNK>,<UNK>,SenatorCollins
1181981754690850817,2019-10-09 17:16:25+00:00,"On Monday, I said that President Trump’s decision to abandon the Kurds, our major ally in the fight against ISIS, was terribly unwise. (1/2)",Monday say President Trump decision abandon Kurds major ally fight ISIS terribly unwise,135,<UNK>,<UNK>,SenatorCollins
1181666634664235008,2019-10-08 20:24:14+00:00,What’s remarkable about President Bush’s and Ellen DeGeneres’ friendship is that it is remarkable in today’s polarized society. Great example: you don’t have to share the same views to be friends.,remarkable President Bush Ellen DeGeneres friendship remarkable today polarize society great example share view friend,335,<UNK>,<UNK>,SenatorCollins
1180518499040538624,2019-10-05 16:21:57+00:00,Maine is eternally grateful to the courageous men and women who put their lives on the line every day to keep us safe. Our thoughts continue to be with those who were critically injured in Farmington. (3/3),Maine eternally grateful courageous woman life line safe thought continue critically injure Farmington,6,<UNK>,<UNK>,SenatorCollins
1180518481600622593,2019-10-05 16:21:53+00:00,"I was honored to join first responders for this solemn ceremony, where a roll call of names was read of all Maine firefighters who passed away during the previous year, and memorial plaques were displayed. (2/3)",honor join responder solemn ceremony roll name read Maine firefighter pass away previous year memorial plaque display,7,<UNK>,<UNK>,SenatorCollins
1180518464626335744,2019-10-05 16:21:49+00:00,"The Maine State Federation of Firefighters’ service at the Firefighters Memorial in Augusta is always powerful, but this year it had a special significance due to the loss of Farmington Fire Capt. Michael Bell, Berwick Fire Capt. Joel Barnes, & Oxford Fire Chief Gary Sacco (1/3)",Maine State Federation Firefighters service Firefighters Memorial Augusta powerful year special significance loss Farmington Fire Capt Michael Bell Berwick Fire Capt Joel Barnes Oxford Fire Chief Gary Sacco,16,<UNK>,<UNK>,SenatorCollins
1179172271950385152,2019-10-01 23:12:32+00:00,"The FDA's intention to ban flavored e-cigarettes and vaping products is progress, and FDA should act ASAP to remove these flavored products from the market. (2/2)",intention flavor cigarette vaping product progress ASAP remove flavor product market,23,<UNK>,<UNK>,SenatorCollins
1179172270490689537,2019-10-01 23:12:31+00:00,Teachers have talked with me about the growing epidemic of vaping in high schools and middle schools in Maine. Companies are targeting teenagers and younger children with flavors like cotton candy. (1/2),teacher talk grow epidemic vaping high school middle school Maine company target teenager young child flavor like cotton candy,49,<UNK>,<UNK>,SenatorCollins
1176815154341847042,2019-09-25 11:06:11+00:00,"Today, @Astro_Jessica will not only fulfill her lifelong dream of going to space, but will make history as the first woman from Maine to reach orbit. Jessica is from my hometown of Caribou, and the city, The County, and the entire state are so proud of her accomplishment.",today @Astro_Jessica fulfill lifelong dream go space history woman Maine reach orbit Jessica hometown Caribou city County entire state proud accomplishment,65,<UNK>,@Astro_Jessica,SenatorCollins
1175056015949291521,2019-09-20 14:36:00+00:00,Lyme and other tick-borne diseases are skyrocketing in Maine & across the country. I chaired a hearing at @UMaine to raise awareness about this growing public health crisis and to discuss how the bipartisan TICK Act I authored can help address it. https://bangordailynews.com/2019/09/13/opinion/contributors/susan-collins-it-is-time-to-unite-against-ticks/,Lyme tick bear disease skyrocket Maine country chair hearing @UMaine raise awareness grow public health crisis discuss bipartisan TICK author help address,30,<UNK>,@UMaine,SenatorCollins
1174016703040282625,2019-09-17 17:46:08+00:00,"Cokie’s fairness, kindness, and political acumen were evident in her reporting. She was also a wonderful person. I have fond memories of a delightful lunch with her mother and her some years ago. (2/2)",Cokie fairness kindness political acuman evident reporting wonderful person fond memory delightful lunch mother year,4,<UNK>,<UNK>,SenatorCollins
1174016702050381832,2019-09-17 17:46:08+00:00,.@CokieRoberts was a legendary journalist whose insightful analysis and historical books on women leaders educated generations of Americans. (1/2),.@CokieRoberts legendary journalist insightful analysis historical book woman leader educate generation Americans,8,<UNK>,@CokieRoberts,SenatorCollins
1173713658318327808,2019-09-16 21:41:57+00:00,"Farmington is resilient, and I know the community is rallying to support those families who have been affected, including those whose homes were destroyed. The entire State of Maine is behind you. (3/3)",Farmington resilient know community rally support family affect include home destroy entire State Maine,8,<UNK>,<UNK>,SenatorCollins
1173713657341104128,2019-09-16 21:41:57+00:00,"I am continuing to pray for the firefighters who were injured—Fire Chief Terry Bell, Captain Timothy Hardy, Captain Scott Baxter, Theodore Baxter, Joseph Hastings, and Deputy Fire Chief Clyde Ross—as well as maintenance worker Larry Lord, who first called in the alarm. (2/3)",continue pray firefighter injure Fire Chief Terry Bell Captain Timothy Hardy Captain Scott Baxter Theodore Baxter Joseph Hastings Deputy Fire Chief Clyde Ross maintenance worker Larry Lord call alarm,8,<UNK>,<UNK>,SenatorCollins
1173713656363855872,2019-09-16 21:41:56+00:00,"I spoke with Franklin County Sheriff Scott Nichols to convey my deep sympathy for the entire Farmington community, which is reeling from the terrible explosion that claimed the life of Fire Captain Michael Bell today. (1/3)",speak Franklin County Sheriff Scott Nichols convey deep sympathy entire Farmington community reel terrible explosion claim life Fire Captain Michael Bell today,13,<UNK>,<UNK>,SenatorCollins
1173624881361096704,2019-09-16 15:49:11+00:00,I am praying for the firefighters and their families as well as the civilians who were hurt in today’s explosion. We can never repay our debt to the brave men and women like these firefighters in Farmington today who put their lives on the line to keep us safe. (2/2),pray firefighter family civilian hurt today explosion repay debt brave woman like firefighter Farmington today life line safe,23,<UNK>,<UNK>,SenatorCollins
1173624880371294213,2019-09-16 15:49:11+00:00,"I am absolutely heartbroken to hear that a firefighter was killed and several others were injured in a terrible explosion responding to a call in Farmington this morning. Based on initial reports, other people were also hurt. (1/2)",absolutely heartbroken hear firefighter kill injure terrible explosion respond Farmington morning base initial report people hurt,28,<UNK>,<UNK>,SenatorCollins
1171839027529560066,2019-09-11 17:32:50+00:00,The educational component of athletics is incredibly important. Hopefully some lessons will be learned from this debacle.,educational component athletic incredibly important hopefully lesson learn debacle,13,<UNK>,<UNK>,SenatorCollins
1171801572449357824,2019-09-11 15:04:00+00:00,The Freeport Flag Ladies represent the best of the United States & have earned our enduring gratitude. 4/4,Freeport Flag Ladies represent good United States earn endure gratitude,4,<UNK>,<UNK>,SenatorCollins
1171801571006570496,2019-09-11 15:04:00+00:00,"The famous trio plans to retire this year, but their legacy will endure in the hearts of the countless people they inspired & the many young people they taught to respect our flag & support our troops. 3/4",famous trio plan retire year legacy endure heart countless people inspire young people teach respect flag support troop,6,<UNK>,<UNK>,SenatorCollins
1171801569815388161,2019-09-11 15:03:59+00:00,"In a spontaneous display of patriotism & solidarity, she brought her American flag to Main Street in Freeport & began to wave it, eliciting honks & cheers from those driving by. Elaine was so encouraged, she returned every Tuesday & was joined by JoAnn Miller & Carmen Footer. 2/4",spontaneous display patriotism solidarity bring american flag Main Street Freeport begin wave elicit honk cheer drive Elaine encouraged return Tuesday join JoAnn Miller Carmen Footer,3,<UNK>,<UNK>,SenatorCollins
1171801566250196993,2019-09-11 15:03:59+00:00,"Eighteen years ago today, Elaine Greene—along with millions of Americans across the country—was stunned and heartbroken by the attacks that killed thousands of people at the World Trade Center; the Pentagon; & Shanksville, Pennsylvania. 1/4",eighteen year today Elaine Greene million Americans country stun heartbroken attack kill thousand people World Trade Center Pentagon Shanksville Pennsylvania,14,<UNK>,<UNK>,SenatorCollins
1171758188686913541,2019-09-11 12:11:37+00:00,"September 11 was not just a day of personal tragedy. It was an attack on the United States, an attack on freedom, and an assault on civilization. We must never forget what was lost and what remains at stake. We must pledge to do all that we can to prevent future attacks. 2/2",September personal tragedy attack United States attack freedom assault civilization forget lose remain stake pledge prevent future attack,20,<UNK>,<UNK>,SenatorCollins
1171758187692867588,2019-09-11 12:11:36+00:00,"Eighteen years have passed, but the memory of September 11, 2001, remains as vivid as if it were yesterday. 1/2",eighteen year pass memory September 2001 remain vivid yesterday,17,<UNK>,<UNK>,SenatorCollins
1171480857527238661,2019-09-10 17:49:36+00:00,I have heard countless heartbreaking stories from Mainers who are unable to afford vital medications. Senate Finance Committee Chairman @ChuckGrassley and I are teaming up to continue to take action to lower drug costs.,hear countless heartbreaking story Mainers unable afford vital medication Senate Finance Committee Chairman @ChuckGrassley team continue action low drug cost,23,<UNK>,@ChuckGrassley,SenatorCollins
1168975847681921026,2019-09-03 19:55:35+00:00,Senator @timkaine and I introduced a bill to support our teachers and encourage more people to enter this noble profession to help ensure students receive the quality education they deserve. 2/2,Senator @timkaine introduce bill support teacher encourage people enter noble profession help ensure student receive quality education deserve,6,<UNK>,@timkaine,SenatorCollins
1168975846213861376,2019-09-03 19:55:34+00:00,The commencement of a new academic year is an opportune time to reflect on the contributions of dedicated teachers who work tirelessly to inspire their students and prepare them for a bright future. 1/2,commencement academic year opportune time reflect contribution dedicated teacher work tirelessly inspire student prepare bright future,12,<UNK>,<UNK>,SenatorCollins
1168593222685331457,2019-09-02 18:35:10+00:00,"These men and women are always on the job, working on holidays, there to protect and serve us. Thank you! (3/3)",woman work holiday protect serve thank,11,<UNK>,<UNK>,SenatorCollins
1168593221682962435,2019-09-02 18:35:10+00:00,"Let’s also recognize those who do not have the day off but continue to work: our first responders, our healthcare workers, our military, transportation employees, restaurant and hotel workers, to name just some of the Americans who are working today. (2/3)",recognize continue work responder healthcare worker military transportation employee restaurant hotel worker Americans work today,13,<UNK>,<UNK>,SenatorCollins
1168593220663676929,2019-09-02 18:35:09+00:00,"This Labor Day, let us salute the hard-working Americans who are enjoying the holiday with family and friends. (1/3)",Labor salute hard work Americans enjoy holiday family friend,22,<UNK>,<UNK>,SenatorCollins
1167791294929952770,2019-08-31 13:28:35+00:00,"A few years ago, I had the pleasure of meeting Valerie at a @SenateAging hearing where she emphasized the importance of cancer research. We will all miss Valerie, but we can help honor her legacy by continuing our efforts to invest in cancer research and support patients. 3/3",year pleasure meet Valerie @senateaging hearing emphasize importance cancer research miss Valerie help honor legacy continue effort invest cancer research support patient,3,<UNK>,@SenateAging,SenatorCollins
1167791293436768257,2019-08-31 13:28:35+00:00,"Even as she faced a difficult battle with lung cancer, Valerie maintained her sense of humor and positive outlook, becoming an advocate for others who have been diagnosed with cancer. 2/3",face difficult battle lung cancer Valerie maintain sense humor positive outlook advocate diagnose cancer,6,<UNK>,<UNK>,SenatorCollins
1167791288009277447,2019-08-31 13:28:34+00:00,"Like so many Americans, I enjoyed @ValerieHarper's comedic gift and infectious smile through her portrayal of the character “Rhoda.” 1/3",like Americans enjoy @ValerieHarper comedic gift infectious smile portrayal character Rhoda,12,<UNK>,@ValerieHarper,SenatorCollins
1166815849111588865,2019-08-28 20:52:31+00:00,Johnny Isakson is an extraordinarily effective senator who is respected on both sides of the aisle. He is also one of the nicest human beings with whom I have had the pleasure to serve.,Johnny Isakson extraordinarily effective senator respect side aisle nice human being pleasure serve,26,<UNK>,<UNK>,SenatorCollins
1165735793836601345,2019-08-25 21:20:46+00:00,"A year ago, America lost a true hero and extraordinary leader, & I lost a good friend when John McCain died. Rest In Peace, John.",year America lose true hero extraordinary leader lose good friend John McCain die rest Peace John,90,<UNK>,<UNK>,SenatorCollins
1164867970973216769,2019-08-23 11:52:21+00:00,We must continue our efforts to bring awareness to this issue and help prevent anyone else from falling victim to these crimes.,continue effort bring awareness issue help prevent fall victim crime,6,<UNK>,<UNK>,SenatorCollins
1164695374109523968,2019-08-23 00:26:30+00:00,"While our Committee was able to facilitate his release on humanitarian grounds, this cruelty underscores the endlessly inventive ways these scammers target our seniors & steal their hard-earned savings.",Committee able facilitate release humanitarian ground cruelty underscore endlessly inventive way scammer target senior steal hard earn saving,7,<UNK>,<UNK>,SenatorCollins
1164695372171796481,2019-08-23 00:26:30+00:00,"One particularly heart-rending story we discovered involved a retired Pastor from Dresden, Maine, who was the victim of a scam that tricked him into unknowingly transporting illegal drugs across international borders. As a result, he was imprisoned in Spain.",particularly heart rend story discover involve retire Pastor Dresden Maine victim scam trick unknowingly transport illegal drug international border result imprison Spain,2,<UNK>,<UNK>,SenatorCollins
1164695371165159426,2019-08-23 00:26:30+00:00,"As Chairman of the @SenateAging Committee, one of my top priorities is preventing these scams &amp; protecting our seniors, who lose nearly $3 billion a year to these criminals. My Committee maintains a fraud hotline, &amp; we have held 23 hearings to help expose these scams.",Chairman @SenateAging Committee priority prevent scam protect senior lose nearly billion year criminal Committee maintain fraud hotline hold hearing help expose scam,3,<UNK>,@SenateAging,SenatorCollins
1164695370179448832,2019-08-23 00:26:29+00:00,"Great news! This indictment sends a strong, international message that criminals who prey on vulnerable Americans will be caught & prosecuted to the fullest extent of the law.",great news indictment send strong international message criminal prey vulnerable Americans catch prosecute full extent,53,<UNK>,<UNK>,SenatorCollins
1162097668019183616,2019-08-15 20:24:09+00:00,"Instead, the Administration should have encouraged Israel to welcome the visit as an opportunity for Reps. Tlaib and Omar to learn from the Israeli people. We have to be willing to talk if we want people to change their views.",instead Administration encourage Israel welcome visit opportunity Reps Tlaib Omar learn israeli people willing talk want people change view,160,<UNK>,<UNK>,SenatorCollins
1162097666500767744,2019-08-15 20:24:09+00:00,Israel should allow U.S. Representatives Rashida Tlaib and Ilhan Omar to visit. The Trump Administration made a mistake in urging Israel to prevent them from entering the country.,Israel allow U.S. Representatives Rashida Tlaib Ilhan Omar visit Trump Administration mistake urge Israel prevent enter country,1967,<UNK>,<UNK>,SenatorCollins
1158198529455734784,2019-08-05 02:10:22+00:00,"In addition, last year I cosponsored the Fix NICS Act to improve the quality of background checks. This new law requires federal agencies to submit all relevant information to the background check system to make it more complete.",addition year cosponsor NICS improve quality background check require federal agency submit relevant information background check system complete,37,<UNK>,<UNK>,SenatorCollins
1158198526574305280,2019-08-05 02:10:21+00:00,I have long supported closing loopholes in background checks to prevent the sale of firearms to criminals and individuals with serious mental illness.,long support closing loophole background check prevent sale firearm criminal individual mental illness,60,<UNK>,<UNK>,SenatorCollins
1158050442506625026,2019-08-04 16:21:55+00:00,"The vast majority of Americans care deeply about their friends, families, and neighbors. We have united in the wake of tragedies in the past, and we can do so again to stop this violence.",vast majority Americans care deeply friend family neighbor unite wake tragedy past stop violence,31,<UNK>,<UNK>,SenatorCollins
1158050440577200129,2019-08-04 16:21:55+00:00,Early reports suggest that the El Paso shooter was motivated by bigotry and a hateful white supremacist ideology. This evil is a threat to the fabric of our society.,early report suggest Paso shooter motivate bigotry hateful white supremacist ideology evil threat fabric society,49,<UNK>,<UNK>,SenatorCollins
1158050439100809220,2019-08-04 16:21:54+00:00,"These brutal attacks, the third mass shooting in a week, are horrific. I am grateful to the brave first responders in El Paso, Dayton, and Gilroy who quickly stopped the perpetrators of these vicious, hateful acts.",brutal attack mass shooting week horrific grateful brave responder Paso Dayton Gilroy quickly stop perpetrator vicious hateful act,146,<UNK>,<UNK>,SenatorCollins
1156230226000732160,2019-07-30 15:49:02+00:00,Russia’s efforts to interfere in our elections remain relentless. I’m proud to join Sen. @MarkWarner in cosponsoring the bipartisan FIRE Act to require presidential candidates to immediately call the FBI if they are contacted by a foreign power attempting to target our elections.,Russia effort interfere election remain relentless proud join Sen. @markwarner cosponsor bipartisan FIRE require presidential candidate immediately contact foreign power attempt target election,180,<UNK>,@MarkWarner,SenatorCollins
1156196058717990915,2019-07-30 13:33:16+00:00,"Congress must take strong action to deter foreign nations from attempting to disrupt our elections. We should also move forward with securing our electoral process, the cornerstone of our democracy. https://www.collins.senate.gov/newsroom/senate-intelligence-committee-releases-election-security-findings-first-volume-bipartisan",Congress strong action deter foreign nation attempt disrupt election forward secure electoral process cornerstone democracy,53,<UNK>,<UNK>,SenatorCollins
1156196057262559233,2019-07-30 13:33:15+00:00,The Senate Intelligence Committee on which I serve has thoroughly investigated Russia’s relentless efforts to interfere in U.S. elections. The release of the first chapter of our report provides irrefutable evidence of Russia’s ongoing attempts to undermine our institutions.,Senate Intelligence Committee serve thoroughly investigate Russia relentless effort interfere U.S. election release chapter report provide irrefutable evidence Russia ongoing attempt undermine institution,82,<UNK>,<UNK>,SenatorCollins
1155615415613026304,2019-07-28 23:06:00+00:00,"Dan Coats is one of the finest public servants I have ever known. He led the intelligence community with integrity and skill, and his departure is a huge loss to our country.",Coats fine public servant know intelligence community integrity skill departure huge loss country,615,<UNK>,<UNK>,SenatorCollins
1154204681532579840,2019-07-25 01:40:14+00:00,"Happy Birthday to both Bob and Elizabeth Dole, two of America’s finest public servants and patriots!",happy birthday Elizabeth Dole America fine public servant patriot,94,<UNK>,<UNK>,SenatorCollins
1149080448842240000,2019-07-10 22:18:22+00:00,"During the hearing, Ruby told me that she plans to become a scientist when she grows up, & if no one has found a cure for Type 1 diabetes by then, she will. She's going to throw a huge party to celebrate, & I can’t wait to attend. Thank you, Ruby, for sharing your story with us!",hearing Ruby tell plan scientist grow find cure type diabetes go throw huge party celebrate wait attend thank Ruby share story,18,<UNK>,<UNK>,SenatorCollins
1149080446929637376,2019-07-10 22:18:22+00:00,Ruby did a phenomenal job testifying at today’s @SenateAging Committee hearing on the continued need for diabetes research.,Ruby phenomenal testify today @senateaging Committee hearing continue need diabetes research,43,<UNK>,@SenateAging,SenatorCollins
1148948440321277952,2019-07-10 13:33:49+00:00,WATCH LIVE: 9-Year-Old Mainer Ruby Anderson and award-winning actor Victor Garber to testify before Senator Collins’ Committee on their experience with Type 1 diabetes and importance of research.,WATCH live 9-year Mainer Ruby Anderson award win actor Victor Garber testify Senator Collins Committee experience type diabetes importance research,13,<UNK>,<UNK>,SenatorCollins
1148716671420555264,2019-07-09 22:12:51+00:00,"Tomorrow, the @SenateAging Committee will have the honor of hearing her testimony. I can’t wait for my Senate colleagues to meet Ruby and hear her powerful story.",tomorrow @SenateAging Committee honor hear testimony wait Senate colleague meet Ruby hear powerful story,10,<UNK>,@SenateAging,SenatorCollins
1148716669264695296,2019-07-09 22:12:50+00:00,"Ruby Anderson is a tenacious young diabetes advocate from Yarmouth, Maine. Diagnosed with Type 1 diabetes at just 23 months old, Ruby has been pushing for a cure since she could talk.",Ruby Anderson tenacious young diabetes advocate Yarmouth Maine diagnose Type diabetes month Ruby push cure talk,15,<UNK>,<UNK>,SenatorCollins
1148263593416282112,2019-07-08 16:12:29+00:00,Former DHS Secretary Jeh Johnson makes several excellent points in his column about the crisis on the Southern border. Well worth reading.,Secretary Johnson make excellent point column crisis southern border worth read,19,<UNK>,<UNK>,SenatorCollins
1147930412758511616,2019-07-07 18:08:32+00:00,Congratulations to the world champion @USWNT on another World Cup victory!! You make our country so proud.,congratulation world champion @USWNT World victory country proud,40,<UNK>,@USWNT,SenatorCollins
1146939729897807872,2019-07-05 00:31:55+00:00,"It was wonderful to see thousands of Mainers come out to celebrate the anniversary of our nation’s founding. As the largest 4th of July celebration in Maine, Eastport’s parade is a patriotic and heartwarming tradition, and I was honored to participate once again this year.",wonderful thousand Mainers come celebrate anniversary nation founding large July celebration Maine Eastport parade patriotic heartwarme tradition honor participate year,36,<UNK>,<UNK>,SenatorCollins
1146854645710643201,2019-07-04 18:53:49+00:00,I was delighted to have the opportunity to thank the members of U.S. Coast Guard Station Eastport in person for their dedication to protecting our country on Independence Day.,delighted opportunity thank member U.S. Coast Guard Station Eastport person dedication protect country Independence,13,<UNK>,<UNK>,SenatorCollins
1146854642892115968,2019-07-04 18:53:49+00:00,"The potential for danger along our coastline never takes a day off, and neither do the brave men and women of our Coast Guard who work every day to keep us safe.",potential danger coastline take brave woman Coast Guard work safe,23,<UNK>,<UNK>,SenatorCollins
1146818000877707264,2019-07-04 16:28:12+00:00,"Last week, the Navy was forced to cancel a July 4th ship visit to Eastport for operational reasons. I contacted the Navy Secretary to see if a replacement was feasible, & he arranged to send the BIW-built USS Dunham. It was an honor to welcome the commander & crew to Maine.",week Navy force cancel July ship visit Eastport operational reason contact Navy Secretary replacement feasible arrange send build Dunham honor welcome commander crew Maine,18,<UNK>,<UNK>,SenatorCollins
1146796606295085056,2019-07-04 15:03:12+00:00,"Tom, Pepper, and I wish everyone a happy 4th of July from Eastport, Maine!",Pepper wish happy July Eastport Maine,18,<UNK>,<UNK>,SenatorCollins
1146784798842773504,2019-07-04 14:16:16+00:00,"It was a pleasure to kick off celebrating the 4th of July by attending Eastport’s Annual Blueberry Pancake Breakfast with my husband, Tom. There’s no better place to enjoy Maine’s delicious wild blueberries than in Washington County, the wild blueberry capital of the world.",pleasure kick celebrate July attend Eastport Annual Blueberry Pancake Breakfast husband well place enjoy Maine delicious wild blueberry Washington County wild blueberry capital world,31,<UNK>,<UNK>,SenatorCollins
1142167708542390278,2019-06-21 20:29:36+00:00,Congratulations on your 99th Annual State Convention – it was wonderful to be there for the opening ceremony in Bangor this afternoon.,congratulation 99th Annual State Convention wonderful opening ceremony Bangor afternoon,10,<UNK>,<UNK>,SenatorCollins
1142167704843038720,2019-06-21 20:29:35+00:00,"Since 1921, VFW Department of Maine has provided support to our patriots currently serving in uniform & offered a helping hand to those who served in the past. Each VFW member makes me so proud to be a life member of the VFW Auxiliary in my hometown of Caribou.",1921 Department Maine provide support patriot currently serve uniform offer help hand serve past member make proud life member Auxiliary hometown Caribou,17,<UNK>,<UNK>,SenatorCollins
1141803181363609603,2019-06-20 20:21:06+00:00,"WATCH LIVE: From the Senate floor, Senator Collins urges colleagues to support the National Defense Authorization Act (NDAA) and her amendments to the legislation. The NDAA includes key provisions for Maine and the nation.",WATCH live Senate floor Senator Collins urge colleague support National Defense Authorization NDAA amendment legislation NDAA include provision Maine nation,12,<UNK>,<UNK>,SenatorCollins
1141765317137506305,2019-06-20 17:50:39+00:00,.@NCOAging does tremendous work to improve the lives of older Americans. It was wonderful to see so many incredible Maine leaders representing organizations dedicated to seniors in Washington.,.@NCOAging tremendous work improve life old Americans wonderful incredible Maine leader represent organization dedicate senior Washington,12,<UNK>,@NCOAging,SenatorCollins
1141083741546340352,2019-06-18 20:42:18+00:00,Congratulations to the @bangordailynews on 130 years! The BDN provides such an important service to our state – thank you for all that you do to keep our community informed.,congratulation @bangordailynews year provide important service state thank community inform,7,<UNK>,@bangordailynews,SenatorCollins
1141038147213647874,2019-06-18 17:41:08+00:00,"Maine people have a very strong work ethic, and it is a great honor to represent them in the U.S. Senate. I have worked to bring their values to Washington by never missing a single vote. I’m touched that my colleagues celebrated my 7,000th consecutive roll call vote today.","Maine people strong work ethic great honor represent U.S. Senate work bring value Washington miss single vote touch colleague celebrate 7,000th consecutive roll vote today",185,<UNK>,<UNK>,SenatorCollins
1141016476972961792,2019-06-18 16:15:01+00:00,"On my way to cast my 7,000th vote!","cast 7,000th vote",108,<UNK>,<UNK>,SenatorCollins
1138934161274736641,2019-06-12 22:20:39+00:00,The pleasure was mine! I truly enjoyed the visit — what a terrific group!,pleasure truly enjoy visit terrific group,0,<UNK>,<UNK>,SenatorCollins
1138836104810024960,2019-06-12 15:51:00+00:00,"WATCH LIVE: Senator Collins speaks on bill to strengthen the federal TRIO Programs that support first-generation, low-income students seeking a college education, which she introduced today with @SenatorBaldwin, @SenCapito, and @SenatorTester.",WATCH live Senator Collins speak bill strengthen federal TRIO Programs support generation income student seek college education introduce today @SenatorBaldwin @SenCapito @senatortester,11,<UNK>,@SenatorBaldwin @SenCapito @SenatorTester,SenatorCollins
1138193997602676736,2019-06-10 21:19:30+00:00,"WATCH LIVE: Senator Collins speaks on legislation she introduced with @ChrisCoons to strengthen the United States’ efforts to end preventable deaths of mothers, newborns, and young children in developing nations around the world. https://www.facebook.com/susancollins/videos/435845837239062/?eid=ARAkJiBy6mxk-lQqZ4UsIp8Ho9gUz6ABtbhL07sLQkqzFxPdjzWH9ngopGO5WsD6rNeeWDHhIWCebu0h",WATCH live Senator Collins speak legislation introduce @chriscoon strengthen United States effort preventable death mother newborn young child develop nation world,24,<UNK>,@ChrisCoons,SenatorCollins
1136755863132299269,2019-06-06 22:04:52+00:00,"I'm proud that a fellow Aroostook County native has this solemn responsibility. It was an honor to meet Scott at the commemoration of the 75th anniversary of D-Day. A 1977 Madawaska High School graduate, he previously served in the Army for 20 years.",proud fellow Aroostook County native solemn responsibility honor meet Scott commemoration 75th anniversary 1977 Madawaska High School graduate previously serve Army year,6,<UNK>,<UNK>,SenatorCollins
1136755858333949954,2019-06-06 22:04:51+00:00,"Madawaska native Scott Desjardins is the superintendent of the Cemetery & Memorial & regards his care of the Cemetery & Memorial as a sacred duty. Scott became superintendent on June 6, 2017.",Madawaska native Scott Desjardins superintendent Cemetery Memorial regard care Cemetery Memorial sacred duty Scott superintendent June 2017,6,<UNK>,<UNK>,SenatorCollins
1136755847139352584,2019-06-06 22:04:48+00:00,"At the Normandy American Cemetery, rows & rows of white crosses interspersed with white Stars of David mark the graves of more than 9,380 Americans, including 83 Mainers, who lost their lives in the D-Day landings & subsequent operations.","Normandy American Cemetery row row white crosse intersperse white Stars David mark grave 9,380 Americans include Mainers lose life landing subsequent operation",9,<UNK>,<UNK>,SenatorCollins
1136716254046236673,2019-06-06 19:27:28+00:00,"When I talked to Charles today, I called him a hero. He replied: “I am not a hero; I was just doing my job. The real heroes are those who are in that cemetery.”",talk Charles today call hero reply hero real hero cemetery,20,<UNK>,<UNK>,SenatorCollins
1136716250279813122,2019-06-06 19:27:27+00:00,"One of those brave soldiers was Charles Shay, a member of the Penobscot tribe and a graduate of Old Town High School. He was a medic who risked his own life by repeatedly going into the water to rescue wounded & drowning soldiers. For his heroism, he was awarded a Silver Star.",brave soldier Charles Shay member Penobscot tribe graduate Town High School medic risk life repeatedly go water rescue wound drown soldier heroism award Silver Star,36,<UNK>,<UNK>,SenatorCollins
1136672965695815682,2019-06-06 16:35:28+00:00,"Today’s ceremony was especially meaningful to me because my father was a WWII combat veteran who earned 2 Purple Hearts & the Bronze Star as a result of injuries he sustained in the Battle of the Bulge. It was from him that I first learned to honor, respect, & thank our veterans.",today ceremony especially meaningful father WWII combat veteran earn Purple Hearts Bronze Star result injury sustain Battle Bulge learn honor respect thank veteran,26,<UNK>,<UNK>,SenatorCollins
1136672963628081152,2019-06-06 16:35:27+00:00,"The sacrifices made by the thousands of Americans who perished that day, those who survived but have since passed on, and those living today will be forever remembered.",sacrifice thousand Americans perish survive pass live today forever remember,10,<UNK>,<UNK>,SenatorCollins
1136672960595582976,2019-06-06 16:35:26+00:00,"On June 6, 1944, tens of thousands of Americans & allied troops carried out the greatest amphibious troop landing in history to liberate Europe from Nazi tyranny. It’s a privilege to be part of the official Senate Delegation in Normandy today commemorating the 75th anniversary.",June 1944 ten thousand Americans ally troop carry great amphibious troop landing history liberate Europe Nazi tyranny privilege official Senate Delegation Normandy today commemorate 75th anniversary,25,<UNK>,<UNK>,SenatorCollins
1134119247892963328,2019-05-30 15:27:54+00:00,"Senator Thad Cochran was a gentleman, a scholar, & a wonderful friend. From his enlistment in the Navy to his decades as Mississippi’s Senator, he served his country & his state well. My condolences to his wife Kay & to his children & to the people of the state he so loved.",Senator Thad Cochran gentleman scholar wonderful friend enlistment Navy decade Mississippi Senator serve country state condolence wife child people state love,56,<UNK>,<UNK>,SenatorCollins
1133103292324765696,2019-05-27 20:10:51+00:00,It was an honor to join thousands of Mainers in Auburn & Lewiston to pay tribute to those who have fallen and thank our service members and their families for the sacrifices that they make.,honor join thousand Mainers Auburn Lewiston tribute fall thank service member family sacrifice,12,<UNK>,<UNK>,SenatorCollins
1133103289321631744,2019-05-27 20:10:50+00:00,This is a day when we who enjoy the blessings of freedom pay our deepest respects to those who have given their lives in freedom’s defense.,enjoy blessing freedom deep respect give life freedom defense,33,<UNK>,<UNK>,SenatorCollins
1131616665886756864,2019-05-23 17:43:32+00:00,WATCH LIVE: Senator Collins and @SenTinaSmith deliver remarks on their bipartisan bill to address the rising number of cases of Lyme disease and other tick-borne diseases.,WATCH live Senator Collins @SenTinaSmith deliver remark bipartisan bill address rise number case Lyme disease tick bear disease,24,<UNK>,@SenTinaSmith,SenatorCollins
1130961579896393729,2019-05-21 22:20:27+00:00,"To help support this growing market, @SenBobCasey &amp; I worked hard to ensure that our bill to increase funding for organic research was included in the 2018 farm bill &amp; signed into law. 3/3",help support grow market @SenBobCasey work hard ensure bill increase funding organic research include 2018 farm bill sign,3,<UNK>,@SenBobCasey,SenatorCollins
1130961578919157760,2019-05-21 22:20:27+00:00,"Thanks to the hard work of @MOFGA, Maine farmers, &amp; their partners like @OrganicValley, Maine’s organic products sales have surpassed $60 million annually – up from $23 million in 2012. 2/3",thank hard work @MOFGA Maine farmer partner like @OrganicValley Maine organic product sale surpass million annually million 2012,5,<UNK>,@MOFGA @OrganicValley,SenatorCollins
1130961577480511488,2019-05-21 22:20:26+00:00,"It was great to meet you, Jacob! And I was so glad to hear you chose to return to your family’s dairy farm in Sidney after serving our country in the Air Force. 1/3",great meet Jacob glad hear choose return family dairy farm Sidney serve country Force,9,<UNK>,<UNK>,SenatorCollins
1130550551622627333,2019-05-20 19:07:10+00:00,"The pleasure was mine! The #MEHeartWalk brings together so many incredible Mainers, including survivors and their families. Thank you to @American_Heart &amp; @AHAMaine for the amazing work you do to help find a cure for heart disease &amp; stroke.",pleasure meheartwalk bring incredible mainer include survivor family thank @American_Heart @ahamaine amazing work help find cure heart disease stroke,11,#MEHeartWalk,@American_Heart @AHAMaine,SenatorCollins
1127581792377163777,2019-05-12 14:30:23+00:00,"Adais is truly an inspiration, and I wish her all the best. A bright future lies ahead for her and her two sons. 4/4",Adais truly inspiration wish good bright future lie ahead son,4,<UNK>,<UNK>,SenatorCollins
1127581790934380546,2019-05-12 14:30:23+00:00,"I am so proud of Adais for overcoming adversity to achieve her dream of providing compassionate, skilled nursing care. Her perseverance in pursuing an education has transformed her life and will allow her to give back to others. 3/4",proud Adais overcome adversity achieve dream provide compassionate skilled nursing care perseverance pursue education transform life allow,5,<UNK>,<UNK>,SenatorCollins
1127581782872920064,2019-05-12 14:30:21+00:00,I had the pleasure of seeing Adais once again—this time as she received her nursing degree with honors from @HussonU. She told me that she plans to serve as a critical care unit nurse. 2/4,pleasure see Adais time receive nursing degree honor @HussonU. tell plan serve critical care unit nurse,3,<UNK>,@HussonU,SenatorCollins
1127581774899490816,2019-05-12 14:30:19+00:00,"I first met Adais Viruet-Torres in 2008 when she was a #JobCorps student in Limestone. Originally from Connecticut, Adais had experienced homelessness and had enrolled in Job Corps to gain new opportunities. 1/4",Adais Viruet Torres 2008 JobCorps student Limestone originally Connecticut Adais experience homelessness enrol Corps gain opportunity,9,#JobCorps,<UNK>,SenatorCollins
1126908055927566342,2019-05-10 17:53:12+00:00,"As Chairman of the Transportation Appropriations Subcommittee, I know how important these investments are to enabling airports to make much-needed improvements to their taxiways and runways, enhancing the safety & efficiency of operations. https://www.collins.senate.gov/newsroom/senator-collins-announces-138-million-three-maine-airports",Chairman Transportation Appropriations Subcommittee know important investment enable airport need improvement taxiway runway enhance safety efficiency operation,17,<UNK>,<UNK>,SenatorCollins
1126908054878982144,2019-05-10 17:53:11+00:00,"I’m very pleased to announce that airports in Biddeford, Eastport, & Jackman have been awarded $13.8 million in grant funding from the Department of Transportation.",pleased announce airport Biddeford Eastport Jackman award 13.8 million grant funding Department Transportation,35,<UNK>,<UNK>,SenatorCollins
1126487717985095680,2019-05-09 14:02:55+00:00,"To express our gratitude for all they do, a resolution @SenSherrodBrown &amp; I introduced recognizing #TeacherAppreciationWeek passed unanimously. https://www.collins.senate.gov/newsroom/collins-brown-lead-bipartisan-resolution-honor-our-nation%E2%80%99s-teachers",express gratitude resolution @SenSherrodBrown introduce recognize teacherappreciationweek pass unanimously,14,#TeacherAppreciationWeek,@SenSherrodBrown,SenatorCollins
1126487716663840768,2019-05-09 14:02:55+00:00,Schools in Maine & across the nation have something in common: dedicated teachers providing students with the best possible education.,Schools Maine nation common dedicated teacher provide student good possible education,11,<UNK>,<UNK>,SenatorCollins
1125827795303763968,2019-05-07 18:20:37+00:00,"Today, I questioned Director Christopher Wray on how the FBI is targeting resources toward fentanyl crimes to stop these deadly drugs from flowing into our communities & falling into the hands of our loved ones. 2/2",today question Director Christopher Wray target resource fentanyl crime stop deadly drug flow community fall hand love one,58,<UNK>,<UNK>,SenatorCollins
1125827682250514433,2019-05-07 18:20:10+00:00,"Last week, @FBI &amp; Maine law enforcement carried out a large drug bust in Washington &amp; Hancock counties. One man was found to have more than 265 grams of fentanyl. A fraction of that amount—just three milligrams—is sufficient to kill someone. https://bangordailynews.com/2019/05/03/news/down-east/13-charged-in-fbi-drug-sweep-in-down-east/ 1/2",week @FBI Maine enforcement carry large drug bust Washington Hancock county find gram fentanyl fraction milligram sufficient kill,11,<UNK>,@FBI,SenatorCollins
1125766097104457728,2019-05-07 14:15:27+00:00,"Congratulations to Rob Tod and all of the employees at @AllagashBrewing! This James Beard Award recognizes what Mainers have long known to be true – our state is home to the best craft brewers in the country, and they produce truly exceptional beer.",congratulation employee @allagashbrewing James Beard Award recognize mainer long know true state home good craft brewer country produce truly exceptional beer,16,<UNK>,@AllagashBrewing,SenatorCollins
1124412192609189890,2019-05-03 20:35:31+00:00,"We saw the extraordinary work that is done here each & every day by the dedicated men & women who are working to keep our nation’s submarines at sea, as well as the important modernization projects & training underway at PNSY.",extraordinary work dedicated woman work nation submarine important modernization project training underway PNSY,10,<UNK>,<UNK>,SenatorCollins
1124412185344643073,2019-05-03 20:35:30+00:00,"Maine’s Portsmouth Naval Shipyard is the gold standard for all public shipyards in this country due to its efficient, high-quality work for more than 200 years. What a pleasure it was to host @secnav76 at our wonderful shipyard.",Maine Portsmouth Naval Shipyard gold standard public shipyard country efficient high quality work year pleasure host @secnav76 wonderful shipyard,20,<UNK>,@secnav76,SenatorCollins
1124361392352628736,2019-05-03 17:13:40+00:00,"Tim’s genuine affection and empathy for the athletes and coaches he covered has defined his work for nearly four decades. Thank you, Tim, for your incredible contribution to our state, and best wishes on your retirement. (2/2)",genuine affection empathy athlete coach cover define work nearly decade thank incredible contribution state good wish retirement,6,<UNK>,<UNK>,SenatorCollins
1124361391694143490,2019-05-03 17:13:40+00:00,.@TimThrock is a legend in Maine sports. He has always made an extraordinary effort to cover local Maine events and stories because he knows how important it is to our communities. (1/2),.@TimThrock legend Maine sport extraordinary effort cover local Maine event story know important community,9,<UNK>,@timthrock,SenatorCollins
1123975496134549504,2019-05-02 15:40:15+00:00,"WATCH LIVE: @UMaine and @ORNL to announce a new, $20 million 3D printing manufacturing partnership that will boost the forest products industry.",WATCH live @umaine @ORNL announce million print manufacture partnership boost forest product industry,11,<UNK>,@UMaine @ORNL,SenatorCollins
1123699111042191361,2019-05-01 21:22:00+00:00,I was so pleased to hear both @SecWilkie &amp; Dr. Stone of the Veterans’ Health Administration emphasize their commitment to caregivers. We must ensure these dedicated individuals have the support they need to take a break from the demanding role of providing care for a loved one.,pleased hear @SecWilkie Stone Veterans Health Administration emphasize commitment caregiver ensure dedicated individual support need break demand role provide care love,11,<UNK>,@SecWilkie,SenatorCollins
1123699001155563527,2019-05-01 21:21:33+00:00,"The VA recently agreed to 12 recommendations offered by an advisory committee chaired by @DoleFoundation, including the need for more respite care, the number one issue for caregivers.",recently agree recommendation offer advisory committee chair @dolefoundation include need respite care number issue caregiver,32,<UNK>,@DoleFoundation,SenatorCollins
